{"assets/fonts/Typori-Regular.ttf":["assets/fonts/Typori-Regular.ttf"],"assets/icons/Documents.svg":["assets/icons/Documents.svg"],"assets/icons/Figma_file.svg":["assets/icons/Figma_file.svg"],"assets/icons/Search.svg":["assets/icons/Search.svg"],"assets/icons/doc_file.svg":["assets/icons/doc_file.svg"],"assets/icons/drop_box.svg":["assets/icons/drop_box.svg"],"assets/icons/excle_file.svg":["assets/icons/excle_file.svg"],"assets/icons/folder.svg":["assets/icons/folder.svg"],"assets/icons/google_drive.svg":["assets/icons/google_drive.svg"],"assets/icons/logo.svg":["assets/icons/logo.svg"],"assets/icons/media.svg":["assets/icons/media.svg"],"assets/icons/media_file.svg":["assets/icons/media_file.svg"],"assets/icons/menu_dashbord.svg":["assets/icons/menu_dashbord.svg"],"assets/icons/menu_doc.svg":["assets/icons/menu_doc.svg"],"assets/icons/menu_notification.svg":["assets/icons/menu_notification.svg"],"assets/icons/menu_profile.svg":["assets/icons/menu_profile.svg"],"assets/icons/menu_setting.svg":["assets/icons/menu_setting.svg"],"assets/icons/menu_store.svg":["assets/icons/menu_store.svg"],"assets/icons/menu_task.svg":["assets/icons/menu_task.svg"],"assets/icons/menu_tran.svg":["assets/icons/menu_tran.svg"],"assets/icons/one_drive.svg":["assets/icons/one_drive.svg"],"assets/icons/pdf_file.svg":["assets/icons/pdf_file.svg"],"assets/icons/sound_file.svg":["assets/icons/sound_file.svg"],"assets/icons/unknown.svg":["assets/icons/unknown.svg"],"assets/icons/xd_file.svg":["assets/icons/xd_file.svg"],"assets/images/background.png":["assets/images/background.png"],"assets/images/bglogin.jpg":["assets/images/bglogin.jpg"],"assets/images/clock.png":["assets/images/clock.png"],"assets/images/coin_one.png":["assets/images/coin_one.png"],"assets/images/digi.png":["assets/images/digi.png"],"assets/images/digitalreward.png":["assets/images/digitalreward.png"],"assets/images/earn_cash.webp":["assets/images/earn_cash.webp"],"assets/images/installation.webp":["assets/images/installation.webp"],"assets/images/light-1.png":["assets/images/light-1.png"],"assets/images/light-2.png":["assets/images/light-2.png"],"assets/images/logo.png":["assets/images/logo.png"],"assets/images/noimage.png":["assets/images/noimage.png"],"assets/images/profile_pic.png":["assets/images/profile_pic.png"],"assets/images/refer_others.webp":["assets/images/refer_others.webp"],"assets/logo/VPos-logos.jpeg":["assets/logo/VPos-logos.jpeg"],"assets/logo/VPos-logos_black.png":["assets/logo/VPos-logos_black.png"],"assets/logo/VPos-logos_white.png":["assets/logo/VPos-logos_white.png"],"assets/logo/app_icon.ico":["assets/logo/app_icon.ico"],"assets/logo/icon.png":["assets/logo/icon.png"],"assets/logo/logo-box.png":["assets/logo/logo-box.png"],"assets/logo/transparent.png":["assets/logo/transparent.png"],"packages/awesome_dialog/assets/flare/error.flr":["packages/awesome_dialog/assets/flare/error.flr"],"packages/awesome_dialog/assets/flare/info.flr":["packages/awesome_dialog/assets/flare/info.flr"],"packages/awesome_dialog/assets/flare/info2.flr":["packages/awesome_dialog/assets/flare/info2.flr"],"packages/awesome_dialog/assets/flare/info_without_loop.flr":["packages/awesome_dialog/assets/flare/info_without_loop.flr"],"packages/awesome_dialog/assets/flare/question.flr":["packages/awesome_dialog/assets/flare/question.flr"],"packages/awesome_dialog/assets/flare/succes.flr":["packages/awesome_dialog/assets/flare/succes.flr"],"packages/awesome_dialog/assets/flare/succes_without_loop.flr":["packages/awesome_dialog/assets/flare/succes_without_loop.flr"],"packages/awesome_dialog/assets/flare/warning.flr":["packages/awesome_dialog/assets/flare/warning.flr"],"packages/awesome_dialog/assets/flare/warning_without_loop.flr":["packages/awesome_dialog/assets/flare/warning_without_loop.flr"],"packages/awesome_dialog/assets/rive/error.riv":["packages/awesome_dialog/assets/rive/error.riv"],"packages/awesome_dialog/assets/rive/info.riv":["packages/awesome_dialog/assets/rive/info.riv"],"packages/awesome_dialog/assets/rive/info_reverse.riv":["packages/awesome_dialog/assets/rive/info_reverse.riv"],"packages/awesome_dialog/assets/rive/question.riv":["packages/awesome_dialog/assets/rive/question.riv"],"packages/awesome_dialog/assets/rive/success.riv":["packages/awesome_dialog/assets/rive/success.riv"],"packages/awesome_dialog/assets/rive/warning.riv":["packages/awesome_dialog/assets/rive/warning.riv"],"packages/cupertino_icons/assets/CupertinoIcons.ttf":["packages/cupertino_icons/assets/CupertinoIcons.ttf"],"packages/font_awesome_flutter/lib/fonts/fa-brands-400.ttf":["packages/font_awesome_flutter/lib/fonts/fa-brands-400.ttf"],"packages/font_awesome_flutter/lib/fonts/fa-regular-400.ttf":["packages/font_awesome_flutter/lib/fonts/fa-regular-400.ttf"],"packages/font_awesome_flutter/lib/fonts/fa-solid-900.ttf":["packages/font_awesome_flutter/lib/fonts/fa-solid-900.ttf"],"packages/getwidget/icons/dribble.png":["packages/getwidget/icons/dribble.png"],"packages/getwidget/icons/facebook.png":["packages/getwidget/icons/facebook.png"],"packages/getwidget/icons/google.png":["packages/getwidget/icons/google.png"],"packages/getwidget/icons/line.png":["packages/getwidget/icons/line.png"],"packages/getwidget/icons/linkedin.png":["packages/getwidget/icons/linkedin.png"],"packages/getwidget/icons/pinterest.png":["packages/getwidget/icons/pinterest.png"],"packages/getwidget/icons/slack.png":["packages/getwidget/icons/slack.png"],"packages/getwidget/icons/twitter.png":["packages/getwidget/icons/twitter.png"],"packages/getwidget/icons/wechat.png":["packages/getwidget/icons/wechat.png"],"packages/getwidget/icons/whatsapp.png":["packages/getwidget/icons/whatsapp.png"],"packages/getwidget/icons/youtube.png":["packages/getwidget/icons/youtube.png"],"packages/quill_native_bridge_linux/assets/xclip":["packages/quill_native_bridge_linux/assets/xclip"],"packages/syncfusion_flutter_datagrid/assets/font/FilterIcon.ttf":["packages/syncfusion_flutter_datagrid/assets/font/FilterIcon.ttf"],"packages/syncfusion_flutter_datagrid/assets/font/UnsortIcon.ttf":["packages/syncfusion_flutter_datagrid/assets/font/UnsortIcon.ttf"],"packages/syncfusion_flutter_pdfviewer/assets/fonts/RobotoMono-Regular.ttf":["packages/syncfusion_flutter_pdfviewer/assets/fonts/RobotoMono-Regular.ttf"],"packages/syncfusion_flutter_pdfviewer/assets/icons/dark/highlight.png":["packages/syncfusion_flutter_pdfviewer/assets/icons/dark/highlight.png"],"packages/syncfusion_flutter_pdfviewer/assets/icons/dark/squiggly.png":["packages/syncfusion_flutter_pdfviewer/assets/icons/dark/squiggly.png"],"packages/syncfusion_flutter_pdfviewer/assets/icons/dark/strikethrough.png":["packages/syncfusion_flutter_pdfviewer/assets/icons/dark/strikethrough.png"],"packages/syncfusion_flutter_pdfviewer/assets/icons/dark/underline.png":["packages/syncfusion_flutter_pdfviewer/assets/icons/dark/underline.png"],"packages/syncfusion_flutter_pdfviewer/assets/icons/light/highlight.png":["packages/syncfusion_flutter_pdfviewer/assets/icons/light/highlight.png"],"packages/syncfusion_flutter_pdfviewer/assets/icons/light/squiggly.png":["packages/syncfusion_flutter_pdfviewer/assets/icons/light/squiggly.png"],"packages/syncfusion_flutter_pdfviewer/assets/icons/light/strikethrough.png":["packages/syncfusion_flutter_pdfviewer/assets/icons/light/strikethrough.png"],"packages/syncfusion_flutter_pdfviewer/assets/icons/light/underline.png":["packages/syncfusion_flutter_pdfviewer/assets/icons/light/underline.png"]}